Gene,Coassociation Frequency,New
ZEB2,1,0
RP11-374A4.1,0.99126287126,1
RP11-268G12.3,0.991064505076,1
BTBD10P2,0.989441509026,1
CAMSAP1,0.988981660145,1
SDHDP2,0.988702144158,1
CBX5,0.98618650028,1
TMEM161B,0.98468072061,1
RPS15AP38,0.982670008836,1
RP11-5G9.5,0.980172398247,1
RPL5P4,0.979144500748,1
LARP4,0.979126467459,1
RP11-513M16.7,0.978621535354,1
HSPE1P6,0.978414152526,1
CDK15,0.977440354895,1
RP11-552F3.9,0.977323138514,1
RP11-499F3.1,0.976809189764,1
MBD6,0.975267343516,1
AC005488.11,0.974509945359,1
SLC24A1,0.974158296215,1
SMC4,0.972760716282,1
RP11-76N22.1,0.972273817467,1
SLC16A2,0.972129551151,0
ME3,0.971940201612,1
RP11-467I20.3,0.971940201612,1
DND1P1,0.971904135033,1
AGGF1P3,0.971056570429,1
GLRX2,0.970966403982,1
CTB-131B5.5,0.970533605035,1
CPEB1-AS1,0.970145889312,1
DGCR9,0.970136872667,1
ST13P5,0.969893423259,1
TIMM21,0.969812273457,1
SPTLC1P2,0.969812273457,1
RPL9P7,0.969713090365,1
RP1-309F20.3,0.969271274773,1
LRRC14B,0.969000775431,1
CPAMD8,0.968802409247,1
NDUFA13,0.968739292734,1
BDP1,0.968531909906,1
MTCO2P22,0.967963861288,1
MTCO3P12,0.967882711485,1
LAMTOR2,0.967675328657,1
INMT,0.967630245433,1
C10orf25,0.967621228788,1
CTA-992D9.8,0.967594178854,1
LINC01363,0.967594178854,1
RP11-31L22.3,0.96724252971,1
CCDC36,0.966566281355,1
CTD-2024P10.2,0.966530214776,1
RGS22,0.96625069879,1
SPG7,0.966133482409,1
XKR8,0.966133482409,1
CTD-2145A24.4,0.966106432474,1
RP11-286N22.8,0.965844949777,1
SREK1,0.965619533659,1
RP11-1148L6.5,0.965331001028,1
AP1AR,0.965240834581,1
IFI27L1,0.965240834581,1
RPL23AP64,0.965159684778,1
RP11-384F7.2,0.964555569581,1
DHDDS,0.964519503003,0
CKAP5,0.96426703695,1
RP11-53B2.1,0.964212937082,1
ME2P1,0.964041620832,1
RPL4P3,0.96396047103,1
RPL9P9,0.963924404451,1
ATP5C1,0.96378915478,1
RP11-793H13.3,0.963762104846,1
CENPA,0.963689971688,1
DMRTA1,0.963572755306,1
GORASP1,0.963194056228,1
ECE2,0.963167006294,1
MKRN3,0.963103889781,0
AC010240.3,0.963067823202,1
TMEM192,0.962887490307,1
RP11-335O13.8,0.962851423728,1
RP11-252A24.3,0.962842407083,1
RP13-977J11.8,0.962680107478,1
EDEM2,0.962616990965,1
DCAKD,0.962589941031,1
RGS17,0.962535841163,1
CDC40,0.962526824518,0
HSPE1,0.962499774584,1
RP11-805I24.1,0.962436658071,1
HADHA,0.962418624781,0
CYP8B1,0.962310425045,1
RP11-832N8.1,0.96214812544,1
POLR2K,0.961868609453,1
RAB29,0.961796476295,1
RP11-87H9.5,0.961787459651,1
COA6,0.961697293203,1
MYADML2,0.961616143401,1
AC093106.4,0.961616143401,1
RP11-609L3.1,0.961426793861,1
RP11-318K12.3,0.961417777217,1
RP11-526I2.1,0.961345644059,1
CTD-2007L18.5,0.961237444322,1
RP11-171I2.4,0.961192361099,1
ATP5L,0.961165311164,1
CTAGE1,0.960930878402,1
TSC22D3,0.96083169531,1
MZT2B,0.96083169531,1
RPL18,0.960822678665,0
RP11-15H20.8,0.960768578796,1
DCXR,0.960723495573,1
RNU6-1203P,0.960434962942,1
NECAB1,0.960137413666,1
LSM3P4,0.960020197284,1
VPS16,0.959957080771,0
GS1-531I17.2,0.959911997547,1
ST13P3,0.959893964258,1
NT5C3B,0.959830847745,1
AC021021.1,0.959776747877,1
RP11-449J1.1,0.959767731232,1
RP11-434D2.7,0.95966854814,1
MFSD14B,0.959632481561,1
ZNF460,0.959605431627,1
RP11-678B3.1,0.959542315114,1
LINC01039,0.95951526518,1
AC100830.5,0.959488215245,1
RP11-632C17__A.1,0.959479198601,1
AC073476.1,0.959416082088,1
RPL5,0.95934394893,0
CTD-2016O11.1,0.95932591564,1
PGAM1P3,0.959253782482,1
RPSAP53,0.959199682614,1
PPCS,0.959073449588,1
AC094019.4,0.95883000018,1
RPL5P5,0.958721800444,1
HMGN4,0.958703767154,1
TSPAN15,0.958541467549,1
CTD-3214H19.6,0.958478351036,1
ASNSP1,0.958433267812,1
RP11-229P13.2,0.958424251168,1
PMEL,0.958415234523,1
TAF1A-AS1,0.958252934918,1
CYP4F29P,0.95818080176,1
AC016735.2,0.958171785115,1
RP11-171I2.2,0.957973418931,1
RNU6-1280P,0.957919319063,1
ANKEF1,0.957892269129,1
RP11-18B3.2,0.957450453537,1
SSTR5-AS1,0.957441436893,1
RP11-392B6.1,0.957423403603,1
MYL6BP1,0.957179954195,1
PABPC5-AS1,0.957134870972,1
U47924.6,0.95703568788,1
USP51,0.956891421564,1
RP11-125F14.2,0.956891421564,1
DNAI1,0.956828305051,1
GNPDA2,0.956413539394,1
RPL31P7,0.956377472815,1
RPL7AP30,0.956377472815,1
ZSCAN32,0.956287306368,1
CALML6,0.956251239789,1
BEX3,0.956224189854,1
LINC01252,0.956115990118,1
RCOR3,0.95604385696,1
YAF2,0.956007790381,1
RP11-35N6.6,0.955908607289,1
PLK2,0.955755324329,1
RN7SL678P,0.955746307684,1
SNORA71C,0.95570122446,1
CCDC58P5,0.955629091303,1
DBX1,0.955602041368,1
RPL12P41,0.955430725119,1
GFRA2,0.955349575316,1
ANAPC13,0.955214325645,1
RP11-2A4.4,0.955061042685,1
MIR6856,0.954934809659,1
RP11-49O14.3,0.954916776369,1
FXR1,0.954862676501,1
RP11-762I7.4,0.954736443475,1
RP11-230F18.5,0.954673326962,1
CYCSP49,0.954655293672,1
CKAP2P1,0.954565127225,1
WNT4,0.954465944133,1
RP11-159D12.8,0.954411844265,1
TCEAL9,0.953861828936,1
ENTPD4,0.953636412818,1
RP11-473O4.3,0.953528213081,1
RPS8P10,0.953501163147,1
LL0XNC01-7P3.1,0.953266730384,1
ABCC1,0.95325771374,1
FGD4,0.953194597226,1
PTCD1,0.953149514003,1
CBY3,0.953041314266,1
FRY-AS1,0.952906064595,1
ZBTB40-IT1,0.952869998016,1
AF165138.7,0.952869998016,1
CTDSPL,0.952671631832,1
EEF1A1P17,0.952617531964,1
PEX2,0.952428182425,0
TRIM50,0.952175716372,1
ATP6V1A,0.952130633149,0
MTND6P4,0.952121616504,1
RPS15AP24,0.952040466702,1
ARHGEF10L,0.951995383478,1
PABPC5,0.951932266965,1
RP11-507K2.6,0.951896200386,1
BBOX1,0.95176996736,1
RP11-159H22.2,0.951625701044,1
RANBP9,0.951463401439,1
RP11-279O9.4,0.951436351505,1
RP1-228P16.1,0.951391268281,1
SNX11,0.951364218347,1
PTTG1,0.951292085189,1
LINC01422,0.951030602492,1
RP11-96D1.8,0.950904369466,1
RP3-507I15.2,0.950489603809,1
RPL5P34,0.950246154401,1
TUBB4B,0.950201071177,0
ANKS3,0.950174021243,1
MECOM,0.950155987954,0
LA16c-361A3.3,0.950137954664,1
THAP5P1,0.95012893802,1
RP11-717A5.1,0.95011090473,1
NRIP1,0.949984671704,1
RP11-127B20.3,0.949867455323,1
CTD-3234P18.6,0.949732205652,1
PDCD6IP,0.949696139073,0
ATP5G1P7,0.949678105783,1
EHD4,0.949425639731,1
ABHD11,0.949407606441,1
RPF1,0.94929039006,1
AP001092.4,0.949182190323,1
ENHO,0.949110057166,1
RPL12P47,0.949064973942,1
RP11-791G16.2,0.948938740916,1
RP4-751H13.7,0.948884641047,1
ANO9,0.948758408021,1
RNY4P17,0.948722341442,1
RP11-1216L17.1,0.948659224929,1
TBCEL,0.94862315835,1
MRVI1,0.948587091771,1
RP11-641D5.1,0.948542008548,1
RN7SL817P,0.948406758877,1
RPS6KA4,0.948235442627,1
FIZ1,0.948172326114,1
DLG3-AS1,0.947856743549,1
RPSAP76,0.947811660325,1
CTD-2043I16.1,0.947784610391,1
SNHG23,0.94763132743,1
ZNF816,0.947550177628,1
CICP8,0.947523127694,1
ENAM,0.947487061115,1
RP11-504G3.4,0.947378861378,1
FBRSL1,0.947342794799,1
RP11-380D23.1,0.947333778154,1
RP11-298A10.1,0.947252628352,1
RP3-400B16.1,0.947126395326,1
GS1-309P15.4,0.946919012497,1
RP11-291I6.2,0.94650424684,1
SLC35E1,0.946350963879,1
RP11-54O7.18,0.946341947235,1
TMEM182,0.94633293059,1
RP11-403B2.7,0.946296864011,1
ZNF556,0.946287847366,1
SLC35B4,0.945972264801,1
AC007249.3,0.945963248156,1
CCDC43,0.945909148288,1
DDX11L1,0.94551241592,1
PIGO,0.945323066381,0
AC006539.2,0.945241916578,1
TTYH2,0.945196833354,1
RP1-197B17.7,0.94516978342,1
RPL23AP4,0.94499846717,1
CTD-3236F5.1,0.944881250789,1
SLC22A13,0.944818134276,1
AC097523.1,0.944809117631,1
RPL31P50,0.944782067697,1
MIR6792,0.944764034408,1
SEMA4D,0.944376318684,1
RPL4,0.9441779525,1
FAR1,0.944168935856,0
TEFM,0.944114835987,0
RPS4XP2,0.944069752764,1
TMEM132D,0.943925486448,1
RHOC,0.943898436514,1
CTC-513N18.7,0.94387138658,1
ZNF519,0.943790236777,1
CTD-2562J17.6,0.943654987106,1
RP11-673E11.2,0.943546787369,1
FSTL4,0.943537770725,1
RP11-229M1.2,0.94352875408,1
CACNA1C,0.94352875408,0
AC105760.3,0.943492687501,1
BFSP1,0.94337547112,1
HERPUD2,0.943330387896,1
B3GAT3,0.943330387896,1
GNB2,0.943276288028,0
COX7A1,0.943258254738,1
RP11-467J12.4,0.943240221449,1
AC104794.4,0.943231204804,1
SCRN2,0.943159071646,1
RPL14,0.943113988423,1
RP4-751H13.5,0.942609056318,1
CCDC77,0.942509873226,1
SNORA70,0.942509873226,1
ESRRA,0.9423836402,1
EIF3G,0.942194290661,1
RPL37,0.942176257371,1
TCHP,0.942113140858,1
FAM214A,0.942086090924,1
TNFRSF19,0.941923791319,1
RP11-346D14.1,0.94188772474,1
EVI5,0.941653291977,1
DNAJC14,0.941382792635,1
AC008694.2,0.941121309938,1
PPIF,0.940922943754,1
BTF3P14,0.940832777307,1
RNA5SP452,0.940760644149,1
AC010731.6,0.94074261086,1
ANP32C,0.940688510991,1
RPL36P18,0.940652444412,1
GRM7-AS3,0.940643427768,1
CTA-398F10.2,0.940598344544,1
PDXP,0.940580311255,1
TRIM3,0.940463094873,1
LACTB2,0.940372928426,1
NPPC,0.940327845202,1
RP11-886P16.6,0.940282761979,1
PRR13P5,0.940255712044,1
GTPBP10,0.940183578887,1
RP1-140J1.4,0.940084395795,1
EFNA2,0.940021279282,1
STAB2,0.939867996321,1
MTCP1,0.939687663427,1
ABCD1,0.93923683119,0
RP11-258F1.2,0.939137648098,1
DLEU7-AS1,0.939092564875,1
CD244,0.939002398427,1
KLHDC8B,0.938975348493,1
XRCC1,0.938623699349,1
RP4-631H13.6,0.938290083494,1
ANK1,0.938199917047,0
LTK,0.938199917047,1
PTH,0.9381097506,1
CTD-2290C23.1,0.938100733955,1
RP11-521C20.5,0.938010567508,1
LINC00960,0.937956467639,1
RP11-325K19.2,0.93793843435,1
ANGPT2,0.93793843435,1
SUPT20H,0.937902367771,1
GPR137B,0.937740068166,1
EVC2,0.937704001587,0
GPM6B,0.937514652048,1
CTA-221G9.10,0.937451535535,1
RPL10P3,0.937072836456,1
TMEM240,0.936856436983,0
SCARNA8,0.936721187312,1
RP11-49O14.2,0.936667087443,1
AC092839.4,0.936567904351,1
NUCB2,0.936441671325,1
RPL23AP2,0.936342488233,1
COX6B1P4,0.936324454944,1
LINC00633,0.93578345626,1
RP11-798K23.5,0.935684273168,1
FTX,0.9356301733,1
AC110926.4,0.935233440932,1
ATG16L2,0.93513425784,1
UHMK1,0.935116224551,1
NEK2P4,0.935044091393,1
RELA,0.935026058103,1
GIN1,0.935017041459,1
VGLL4,0.934953924945,1
RP11-375A5.1,0.934737525472,1
AL358852.1,0.934719492183,1
RP11-435O5.5,0.934692442248,1
CAP1P2,0.934692442248,1
CIPC,0.934394892972,1
RIC1,0.934385876328,0
MTATP6P27,0.934232593367,1
RNF26,0.934223576723,1
RP11-236P24.3,0.934196526788,1
RNU6-1016P,0.933962094026,1
RP11-173M1.5,0.933944060736,1
PODNL1,0.933889960868,1
CHKB-AS1,0.933844877644,1
RP11-411B10.2,0.933736677907,1
C2orf27A,0.933736677907,1
PNISR,0.93366454475,1
ACTR3P2,0.933583394947,1
BHLHE23,0.933511261789,1
C19orf48,0.933412078697,1
SARS2,0.933312895605,1
RPL17P43,0.933132562711,1
CTB-118N6.2,0.933015346329,1
RP11-603J24.5,0.932807963501,1
RP5-866L20.2,0.932744846988,1
SUPT7L,0.932726813698,1
RP11-351J23.1,0.932708780409,1
RPL21P8,0.932708780409,1
LINC01539,0.932681730474,1
ZSCAN9,0.932636647251,1
GPR142,0.932618613961,1
FAM172A,0.932609597317,1
TMEM126A,0.932573530738,1
PRR19,0.932555497448,1
KCNN4,0.932266964817,1
KLHL5,0.932248931528,1
RP11-53I6.1,0.932239914883,1
RP1-146A15.1,0.932194831659,1
STARD9,0.931906299028,1
HIST1H1E,0.931825149225,1
RP3-471M13.2,0.931707932844,1
RALY,0.931347267055,1
RP11-680F20.10,0.931275133897,1
HDX,0.931239067318,1
RCAN3,0.931067751068,1
DNAH6,0.931067751068,1
RP11-411G7.2,0.931004634555,1
USP41,0.930589868898,1
PHTF2,0.930463635872,1
PGF,0.930427569293,1
ZNF586,0.930238219754,1
RPS2P2,0.930030836925,1
RP11-74D3.2,0.930012803636,1
IPO7P2,0.929967720412,1
RP11-359B20.1,0.929805420807,1
FZD2,0.929724271004,0
SCUBE3,0.929580004689,0
MRPS16P2,0.929408688439,1
PPP1R1A,0.929399671794,1
BTBD2,0.929381638505,1
RPL12P33,0.929273438768,1
RP11-1029M24.1,0.928858673111,1
MIR4752,0.928840639821,1
KCTD7,0.928813589887,0
RP11-113A11.1,0.928660306927,1
RACGAP1,0.928606207058,1
RP11-11C20.1,0.928146358177,1
ISM1,0.928065208375,1
DENND5B,0.927984058572,1
CARD14,0.927920942059,1
FAM231B,0.927920942059,1
ADORA2A,0.927803725678,1
Sep-04,0.927569292915,1
RP11-521P1.1,0.927443059889,1
RP11-94C24.11,0.927443059889,1
GDF5OS,0.927434043244,1
AC090774.2,0.927434043244,1
STMN3,0.927416009954,1
ZNF606,0.92740699331,1
FRG1KP,0.92738896002,1
MTCO1P42,0.927190593836,1
UBE2V1P2,0.927109444034,1
RP11-329N22.1,0.927100427389,1
RP11-796E10.1,0.927046327521,1
MIS12,0.927028294231,1
PLPPR1,0.92689304456,1
CATSPER3,0.926703695021,1
RP11-259O18.4,0.926694678376,1
CCNB1IP1P3,0.926604511929,1
PCDHA12,0.926514345482,1
RP11-328J2.1,0.926505328837,1
RPS3A,0.9263971291,1
RP11-328L11.1,0.926379095811,1
ZNF543,0.926099579824,1
RP11-439L18.1,0.92607252989,1
GCNT1P1,0.925946296864,1
CTD-2336O2.2,0.925865147061,1
RP1-97D16.1,0.925838097127,1
RP11-110J1.2,0.925829080483,1
ACTL7B,0.925793013904,1
RPS15AP12,0.925783997259,1
MAPK8,0.92559464772,1
SPACA5B,0.925522514562,1
SNORA42,0.925522514562,1
RP11-118F19.1,0.92540529818,1
RNA5SP165,0.925387264891,1
MIR569,0.925387264891,1
RP11-218C14.5,0.925387264891,1
FAU,0.924981515878,1
ANP32D,0.924981515878,1
OTUD7A,0.924873316142,1
CRABP1,0.924855282852,1
RP11-676J12.8,0.924548716931,1
RP11-307I14.2,0.924530683642,1
SCMH1,0.924485600418,1
RP11-76E16.2,0.924458550484,1
RP11-256K7.1,0.924314284169,1
NEMF,0.924287234234,0
CTD-3138B18.4,0.9242601843,1
CDC27,0.924161001208,1
RPL10AP2,0.924097884695,1
CENPW,0.924079851406,1
RP11-568J23.6,0.924079851406,1
RP5-1021I20.5,0.923989684958,1
CTAG2,0.923845418643,1
MIR7845,0.923836401998,1
MTND1P8,0.923836401998,1
RP11-10J21.5,0.923836401998,1
NEMP2,0.923665085748,1
SNX6,0.923412619696,1
EXOSC6,0.923376553117,1
PRKAA1,0.92294375417,1
PNMA6A,0.922880637657,1
RPL34P22,0.922871621012,1
LMTK3,0.922610138315,1
MTHFD2P1,0.92229455575,1
GAPDHP19,0.922186356013,1
RP11-376N17.4,0.922186356013,1
LINC01526,0.922186356013,1
AC138744.2,0.922159306079,1
TBC1D8,0.922069139632,1
RP11-401L13.4,0.921960939895,1
LINC00528,0.92164535733,1
COL27A1,0.921492074369,1
ASAP2,0.921483057725,1
ARMCX6,0.921401907922,1
MAP2K1,0.921023208844,0
F2RL3,0.92097812562,1
SNX7,0.92096009233,1
MIRLET7G,0.920662543054,1
FAM182A,0.920509260094,1
MKRN2,0.920364993779,1
NNAT,0.920355977134,1
RP5-1009N12.1,0.920256794042,1
CTC-499B15.1,0.920193677529,1
SETP16,0.920193677529,1
KRT18P9,0.920193677529,1
RP13-359K18.1,0.920193677529,1
SNORA36C,0.920193677529,1
CTAG1B,0.920193677529,1
MIR545,0.920193677529,1
PATE1,0.920193677529,1
AC007386.4,0.919905144897,1
RP11-363G10.2,0.919860061674,1
NEK10,0.919697762069,1
NAB1,0.919679728779,1
SCN1B,0.919526445819,0
FAM53B-AS1,0.919454312661,1
ACTR6,0.919382179503,1
STAP1,0.919282996411,1
ZNF674,0.919210863254,1
TNFRSF10D,0.919120696806,1
GPS2,0.919093646872,1
FGF13,0.919075613583,0
RP11-447D11.3,0.91901249707,1
RP5-1198O20.4,0.919003480425,1
RP11-751K21.1,0.91882314753,1
ZDHHC24,0.918696914504,1
EYA3,0.918633797991,1
CHGA,0.918273132202,1
RP11-332H18.3,0.918119849242,1
GLTSCR1,0.918056732729,1
RP4-758J24.4,0.917813283321,1
AC005550.5,0.917641967071,1
TMLHE,0.917560817269,0
LA16c-321D4.2,0.917542783979,1
DLGAP5,0.917497700756,1
COX7A2L,0.917470650821,1
PLK1,0.917443600887,1
LINC01598,0.917389501019,1
C5AR1,0.917344417795,1
HDAC10,0.917236218059,1
FHDC1,0.916965718717,1
SNRPFP2,0.916568986349,1
KRCC1,0.916460786612,1
RP11-315D16.4,0.916433736678,1
RPL5P25,0.916388653454,1
MIR3677,0.916325536941,1
LA16c-358B7.3,0.916244387139,1
FOXE3,0.91620832056,1
CH507-154B10.1,0.916009954376,1
LA16c-380A1.2,0.915973887797,1
SRM,0.915928804573,1
FKBP2,0.915910771284,1
ADGRL2,0.915892737994,1
EPB41L4A,0.915757488323,1
GIMAP8,0.915703388455,1
TRIM46,0.915622238653,1
CASP3,0.915604205363,1
TOP3BP1,0.915550105495,1
AC009302.2,0.915342722666,1
TRMT13,0.915261572864,1
TRABD,0.915252556219,1
GS1-124K5.11,0.915189439706,1
ZMYND11,0.915180423061,0
MIR553,0.915054190035,1
RPL13A,0.914991073522,1
RP11-440L14.4,0.914846807206,1
CDC42P2,0.914711557535,1
RPL3P6,0.914368925036,1
RP11-92C4.3,0.914359908391,1
CSPG4P13,0.914323841812,1
USP18,0.91405334247,0
RP5-864K19.6,0.914017275891,1
RPL5P24,0.91390005951,1
OVOL3,0.913891042865,1
MIR98,0.91388202622,1
CEACAMP11,0.913755793194,1
POSTN,0.913629560168,1
CASP3P1,0.913395127405,1
RP11-299H22.6,0.91338611076,1
LRRC46,0.913368077471,1
FAM122A,0.913088561485,1
AGL,0.913016428327,0
RABGEF1,0.912944295169,1
PLEKHM1P1,0.912890195301,1
RP5-1056L3.3,0.91241231313,1
RP11-321N4.4,0.912286080104,1
FAM217B,0.912195913657,1
COX7B,0.911781147999,0
P4HA2,0.911727048131,1
RP11-600G3.1,0.911609831749,1
NCOA5,0.911528681947,1
ADGRA2,0.911375398987,1
RP11-307L14.1,0.911231132671,1
RPS10L,0.911222116026,1
CLCA2,0.911140966224,1
RP11-57H14.2,0.911041783132,1
RP11-676B18.1,0.910762267145,1
RP11-304C16.2,0.910762267145,1
RP11-620J15.3,0.910744233856,1
FGF14,0.91025733504,0
RP11-248J18.3,0.91012208537,1
WDR44,0.910067985501,1
NAA20,0.910031918922,0
NKAIN3,0.909995852343,1
CROCCP3,0.909968802409,1
LRRC8C,0.909806502804,1
DOCK11,0.909752402936,1
ALKBH4,0.909499936883,1
CHTOP,0.909391737147,1
MMP17,0.909328620634,1
TTC31,0.90913025445,1
CTD-2135D7.2,0.90913025445,1
AIMP1,0.909022054713,0
ZNF229,0.908571222477,1
SYNM,0.908381872937,1
SVIP,0.908318756424,1
EFTUD2,0.908228589977,0
RP11-345P4.6,0.908057273727,1
MTND4P35,0.90796710728,1
CDKAL1,0.907687591294,1
KIAA2026,0.907606441491,1
RP11-350J20.12,0.90748922511,1
RP11-404K5.2,0.907453158531,1
AP1G2,0.907218725768,1
RP11-298I3.6,0.907182659189,1
PLOD2,0.907137575965,1
SPINK5,0.906731826953,0
EFNB2,0.906614610571,1
TONSL-AS1,0.906461327611,1
OR6L1P,0.906407227742,1
RP11-430L17.1,0.906299028006,1
RP11-111A22.1,0.906262961427,1
MTCO1P24,0.906253944782,1
SRA1,0.90617279498,1
ZNF273,0.906064595243,1
RP11-552C15.1,0.905739996033,1
PLCD3,0.90550556327,1
RP11-474P2.4,0.905433430112,1
GTF2IP9,0.905000631165,1
AC107982.4,0.904784231692,1
PABPC1P1,0.904721115179,1
MAP3K2,0.904567832218,1
MIR1302-2,0.904549798929,1
RPL9P28,0.904486682416,1
CTDSP1,0.904387499324,1
TANGO6,0.904333399455,1
RBM5,0.904324382811,1
MED19,0.904261266298,1
NIFKP1,0.904080933403,1
STRN3,0.904026833535,1
RP11-384O8.1,0.903990766956,1
RP11-499F3.2,0.903756334193,1
VWA3A,0.90367518439,1
DYNC1I2,0.903657151101,0
FKBP9,0.903458784917,1
FXYD6P1,0.903305501957,1
CYYR1,0.903206318865,1
RP11-420A6.2,0.903134185707,1
MECR,0.90287270301,1
EIF4BP6,0.902773519918,1
PARP10,0.902737453339,1
PNMA6B,0.902674336826,1
SYNJ1,0.902593187023,0
NGEF,0.902430887418,1
DESI2,0.902025138405,1
BCRP9,0.901835788866,1
RP11-390F4.10,0.901718572485,1
SNRNP27,0.901700539195,1
COX7A2,0.901475123077,1
AATF,0.901457089788,1
ZNF223,0.901412006564,1
RP3-368A4.5,0.901348890051,1
